{
  "miniprogramRoot": "miniprogram/",
  "cloudfunctionRoot": "cloudfunction/",
  "libVersion": "3.6.6",
  "packOptions": {
    "ignore": [],
    "include": []
  },
  "setting": {
    "coverView": true,
    "es6": true,
    "postcss": true,
    "minified": true,
    "enhance": true,
    "showShadowRootInWxmlPanel": true,
    "packNpmRelationList": [],
    "babelSetting": {
      "ignore": [],
      "disablePlugins": [],
      "outputPath": ""
    }
  },
  "condition": {},
  "editorSetting": {
    "tabIndent": "auto",
    "tabSize": 2
  },
  "appid": "wxe7adcbabd726c8ef",
  "projectname": "music",
  "compileType": "miniprogram",
  "srcMiniprogramRoot": "miniprogram/"
}